{
	"pdf_type": "maintenance",
	"status": 0,
	"manager_id": "",
	"check_type": "sign",
	"stamp_use": "N",
	"stamp_image": "stamp.png",
	"stamp_width": 25,
	"stamp_height": 25,
	"stamp_x": 173,
	"stamp_y": 61,
	"sign_use": "Y",
	"sign_width": 22,
	"sign_height": 20,
	"sign_list": [
		{
			"sign_x": 174.5,
			"sign_y": 29.7
		},
		{
			"sign_x": 128.2,
			"sign_y": 256.3
		},
		{
			"sign_x": 151.4,
			"sign_y": 256.3
		},
		{
			"sign_x": 174.6,
			"sign_y": 256.3
		}
	],
	"logo_use": "Y",
	"logo_image": "logo.png",
	"logo_width": 110,
	"logo_height": 10,
	"logo_x": 12,
	"logo_y": 12
}